change_type,company_number,company_name,job_title,job_location,salary_min,salary_max,posted_date,date_detected,lloyds_managing_agent,monitoring_status
Initial Baseline,2418817,PAMIA LIMITED,0 relevant postings loaded,,,,,2026-06-01,,Pending Review
Initial Baseline,2182018,BAR MUTUAL INDEMNITY FUND LIMITED,0 relevant postings loaded,,,,,2026-06-01,,Pending Review
Initial Baseline,1244052,INTERNATIONAL UNDERWRITING ASSOCIATION OF LONDON LIMITED,0 relevant postings loaded,,,,,2026-06-01,,Pending Review
Initial Baseline,501877,THE UNITED KINGDOM FREIGHT DEMURRAGE AND DEFENCE ASSOCIATION LIMITED,0 relevant postings loaded,,,,,2026-06-01,,Pending Review
Initial Baseline,6127279,ROTHESAY LIFE PLC,0 relevant postings loaded,,,,,2026-06-01,,Pending Review
Initial Baseline,505456,NORTHSTANDARD LIMITED,0 relevant postings loaded,,,,,2026-06-01,,Pending Review
Initial Baseline,5933141,VITALITY CORPORATE SERVICES LIMITED,5 relevant postings loaded,,,,,2026-06-01,,Pending Review
Initial Baseline,2937398,HOWDEN GROUP HOLDINGS LIMITED,4 relevant postings loaded,,,,,2026-06-01,,Pending Review
Initial Baseline,4632146,HCC UNDERWRITING AGENCY LTD,0 relevant postings loaded,,,,,2026-06-01,,Pending Review
Initial Baseline,10340,BRITANNIA STEAM SHIP INSURANCE ASSOCIATION LIMITED(THE),0 relevant postings loaded,,,,,2026-06-01,,Pending Review
Initial Baseline,11686576,THE BRITANNIA STEAM SHIP INSURANCE ASSOCIATION HOLDINGS LIMITED,0 relevant postings loaded,,,,,2026-06-01,,Pending Review
Initial Baseline,2725312,INTERNATIONAL TRANSPORT INTERMEDIARIES CLUB LIMITED,0 relevant postings loaded,,,,,2026-06-01,,Pending Review
Initial Baseline,475557,WESTERN PROVIDENT ASSOCIATION LIMITED,0 relevant postings loaded,,,,,2026-06-01,,Pending Review
Initial Baseline,1575839,HCC INTERNATIONAL INSURANCE COMPANY PLC,0 relevant postings loaded,,,,,2026-06-01,,Pending Review
Initial Baseline,2054592,WREN INSURANCE ASSOCIATION LIMITED(THE),0 relevant postings loaded,,,,,2026-06-01,,Pending Review
Initial Baseline,1174439,WRIGHTSURE SERVICES LIMITED,0 relevant postings loaded,,,,,2026-06-01,,Pending Review
Initial Baseline,111982,NATIONAL FARMERS UNION MUTUAL INSURANCE SOCIETY LIMITED(THE),0 relevant postings loaded,,,,,2026-06-01,,Pending Review
Initial Baseline,2676622,ANTARES GLOBAL MANAGEMENT LIMITED,0 relevant postings loaded,,,,,2026-06-01,,Pending Review
Initial Baseline,5887810,ARK SYNDICATE MANAGEMENT LIMITED,0 relevant postings loaded,,,,,2026-06-01,,Pending Review
Initial Baseline,1120384,RENAISSANCERE SYNDICATE MANAGEMENT LIMITED,0 relevant postings loaded,,,,,2026-06-01,,Pending Review
Initial Baseline,3632880,ARGENTA SYNDICATE MANAGEMENT LIMITED,0 relevant postings loaded,,,,,2026-06-01,,Pending Review
Initial Baseline,5051253,VITALITY HEALTH LIMITED,8 relevant postings loaded,,,,,2026-06-01,,Pending Review
Initial Baseline,5933172,DISCOVERY HOLDINGS EUROPE LIMITED,0 relevant postings loaded,,,,,2026-06-01,,Pending Review
Initial Baseline,2134231,THE GRIFFIN INSURANCE ASSOCIATION LIMITED,0 relevant postings loaded,,,,,2026-06-01,,Pending Review
Initial Baseline,3849958,ADMIRAL GROUP PLC,0 relevant postings loaded,,,,,2026-06-01,,Pending Review
Initial Baseline,2590623,HISCOX SYNDICATES LIMITED,7 relevant postings loaded,,,,,2026-06-01,,Pending Review
Initial Baseline,1507274,MARSH LIMITED,1 relevant postings loaded,,,,,2026-06-01,,Pending Review
Initial Baseline,13789356,ARDONAGH GROUP HOLDINGS LIMITED,0 relevant postings loaded,,,,,2026-06-01,,Pending Review
Initial Baseline,12915612,ARIEL RE SERVICES HOLDINGS (NO 1355) LIMITED,0 relevant postings loaded,,,,,2026-06-01,,Pending Review
Initial Baseline,729671,TOKIO MARINE KILN SYNDICATES LIMITED,0 relevant postings loaded,,,,,2026-06-01,,Pending Review
Initial Baseline,3223686,NEWLINE UNDERWRITING MANAGEMENT LIMITED,0 relevant postings loaded,,,,,2026-06-01,,Pending Review
Initial Baseline,3935227,POLO MANAGING AGENCY LIMITED,0 relevant postings loaded,,,,,2026-06-01,,Pending Review
Initial Baseline,4409827,NEWLINE INSURANCE COMPANY LIMITED,0 relevant postings loaded,,,,,2026-06-01,,Pending Review
Initial Baseline,3413859,AEGIS MANAGING AGENCY LIMITED,0 relevant postings loaded,,,,,2026-06-01,,Pending Review
Initial Baseline,292093,LANCASHIRE SYNDICATES LIMITED,0 relevant postings loaded,,,,,2026-06-01,,Pending Review
Initial Baseline,10254215,BLENHEIM UNDERWRITING LIMITED,0 relevant postings loaded,,,,,2026-06-01,,Pending Review
Initial Baseline,4693136,ONE CALL INSURANCE SERVICES LIMITED,0 relevant postings loaded,,,,,2026-06-01,,Pending Review
Initial Baseline,1310661,TINDALL RILEY (BRITANNIA) LIMITED,0 relevant postings loaded,,,,,2026-06-01,,Pending Review
Initial Baseline,320784,NATIONAL HOUSE-BUILDING COUNCIL,0 relevant postings loaded,,,,,2026-06-01,,Pending Review
Initial Baseline,725875,HOWDEN INSURANCE BROKERS LIMITED,0 relevant postings loaded,,,,,2026-06-01,,Pending Review
Initial Baseline,911235,COVÉA LIFE LIMITED,0 relevant postings loaded,,,,,2026-06-01,,Pending Review
Initial Baseline,6646629,ANTARES MANAGING AGENCY LIMITED,0 relevant postings loaded,,,,,2026-06-01,,Pending Review
Initial Baseline,2323018,MS AMLIN UNDERWRITING LIMITED,0 relevant postings loaded,,,,,2026-06-01,,Pending Review
Initial Baseline,103274,ARAG LEGAL EXPENSES INSURANCE COMPANY LIMITED,0 relevant postings loaded,,,,,2026-06-01,,Pending Review
Initial Baseline,1815126,AXA XL UNDERWRITING AGENCIES LIMITED,0 relevant postings loaded,,,,,2026-06-01,,Pending Review
Initial Baseline,24869,ECCLESIASTICAL INSURANCE OFFICE PUBLIC LIMITED COMPANY,0 relevant postings loaded,,,,,2026-06-01,,Pending Review
Initial Baseline,12764745,INIGO LIMITED,0 relevant postings loaded,,,,,2026-06-01,,Pending Review
Initial Baseline,6578719,ARTHUR J. GALLAGHER HOLDINGS (UK) LIMITED,48 relevant postings loaded,,,,,2026-06-01,,Pending Review
Initial Baseline,2970319,HAMPDEN AGENCIES LIMITED,0 relevant postings loaded,,,,,2026-06-01,,Pending Review
Initial Baseline,613259,COVEA INSURANCE PLC,0 relevant postings loaded,,,,,2026-06-01,,Pending Review
Initial Baseline,9924709,CONSUMER CODE FOR NEW HOMES LIMITED,0 relevant postings loaded,,,,,2026-06-01,,Pending Review
Initial Baseline,9181578,APOLLO SYNDICATE MANAGEMENT LIMITED,0 relevant postings loaded,,,,,2026-06-01,,Pending Review
Initial Baseline,30869,HSF HEALTH PLAN LIMITED,0 relevant postings loaded,,,,,2026-06-01,,Pending Review
Initial Baseline,3985640,MANAGING AGENCY PARTNERS LIMITED,0 relevant postings loaded,,,,,2026-06-01,,Pending Review
Initial Baseline,1195076,ALWEN HOUGH JOHNSON LIMITED,0 relevant postings loaded,,,,,2026-06-01,,Pending Review
Initial Baseline,1134223,AHJ HOLDINGS LIMITED,0 relevant postings loaded,,,,,2026-06-01,,Pending Review
Initial Baseline,4720429,NUCLEAR RISK INSURERS LIMITED,0 relevant postings loaded,,,,,2026-06-01,,Pending Review
Initial Baseline,22215,THE UNITED KINGDOM MUTUAL STEAM SHIP ASSURANCE ASSOCIATION LIMITED,0 relevant postings loaded,,,,,2026-06-01,,Pending Review
Initial Baseline,10341,THE LONDON STEAM-SHIP OWNERS' MUTUAL INSURANCE ASSOCIATION LIMITED,0 relevant postings loaded,,,,,2026-06-01,,Pending Review
Initial Baseline,105461,STEAMSHIP MUTUAL UNDERWRITING ASSOCIATION LIMITED,0 relevant postings loaded,,,,,2026-06-01,,Pending Review
Initial Baseline,2798901,POOL REINSURANCE COMPANY LIMITED,0 relevant postings loaded,,,,,2026-06-01,,Pending Review
Initial Baseline,7588292,THE AGE ENGLAND ASSOCIATION,0 relevant postings loaded,,,,,2026-06-01,,Pending Review
Initial Baseline,3319079,VITALITY LIFE LIMITED,8 relevant postings loaded,,,,,2026-06-01,,Pending Review
Initial Baseline,78768,"CORNISH MUTUAL ASSURANCE COMPANY,LIMITED",0 relevant postings loaded,,,,,2026-06-01,,Pending Review
Initial Baseline,3196171,SCOTTISH WIDOWS LIMITED,0 relevant postings loaded,,,,,2026-06-01,,Pending Review
Initial Baseline,2510099,ASSURED GUARANTY UK LIMITED,0 relevant postings loaded,,,,,2026-06-01,,Pending Review
Initial Baseline,1893407,BEAZLEY FURLONGE LIMITED,0 relevant postings loaded,,,,,2026-06-01,,Pending Review
Initial Baseline,SC002116,AVIVA INSURANCE LIMITED,19 relevant postings loaded,,,,,2026-06-01,,Pending Review
Initial Baseline,184915,CHAUCER SYNDICATES LIMITED,0 relevant postings loaded,,,,,2026-06-01,,Pending Review
Initial Baseline,426475,IQUW SYNDICATE MANAGEMENT LIMITED,0 relevant postings loaded,,,,,2026-06-01,,Pending Review
Initial Baseline,2387080,SABRE INSURANCE COMPANY LIMITED,0 relevant postings loaded,,,,,2026-06-01,,Pending Review
Initial Baseline,204373,LLOYDS BANK GENERAL INSURANCE LIMITED,3 relevant postings loaded,,,,,2026-06-01,,Pending Review
Initial Baseline,2258947,CHURCHILL INSURANCE COMPANY LIMITED,0 relevant postings loaded,,,,,2026-06-01,,Pending Review
Initial Baseline,3104671,ST ANDREW'S INSURANCE PLC,0 relevant postings loaded,,,,,2026-06-01,,Pending Review
Initial Baseline,1179980,U K INSURANCE LIMITED,0 relevant postings loaded,,,,,2026-06-01,,Pending Review
Initial Baseline,78950,AXA INSURANCE UK PLC,0 relevant postings loaded,,,,,2026-06-01,,Pending Review
Initial Baseline,3148119,AXA PPP HEALTHCARE LIMITED,0 relevant postings loaded,,,,,2026-06-01,,Pending Review
Initial Baseline,5328622,AXA XL INSURANCE COMPANY UK LIMITED,0 relevant postings loaded,,,,,2026-06-01,,Pending Review
Initial Baseline,93792,INTACT INSURANCE UK LIMITED,0 relevant postings loaded,,,,,2026-06-01,,Pending Review
Initial Baseline,NI027549,PROVINCEWIDE LIMITED,0 relevant postings loaded,,,,,2026-06-01,,Pending Review
Initial Baseline,4163431,QUILTER LIFE & PENSIONS LIMITED,0 relevant postings loaded,,,,,2026-06-01,,Pending Review
Initial Baseline,1958863,ATRIUM UNDERWRITERS LIMITED,0 relevant postings loaded,,,,,2026-06-01,,Pending Review
Initial Baseline,1001372,HAREL (UK) LTD.,0 relevant postings loaded,,,,,2026-06-01,,Pending Review
Initial Baseline,2920387,THOMAS MILLER P&I LTD,0 relevant postings loaded,,,,,2026-06-01,,Pending Review
Initial Baseline,10595512,ENSTAR MANAGING AGENCY LIMITED,0 relevant postings loaded,,,,,2026-06-01,,Pending Review
Initial Baseline,515058,THE EXETER CASH PLAN,0 relevant postings loaded,,,,,2026-06-01,,Pending Review
Initial Baseline,8039754,INIGO MANAGING AGENT LIMITED,0 relevant postings loaded,,,,,2026-06-01,,Pending Review
Initial Baseline,9824553,ANTARES GLOBAL HOLDINGS LIMITED,0 relevant postings loaded,,,,,2026-06-01,,Pending Review
Initial Baseline,5172311,PEN UNDERWRITING LIMITED,0 relevant postings loaded,,,,,2026-06-01,,Pending Review
Initial Baseline,6334001,SOMERSET BRIDGE INSURANCE SERVICES LIMITED,0 relevant postings loaded,,,,,2026-06-01,,Pending Review
Initial Baseline,1328742,MUNICH RE SYNDICATE LIMITED,0 relevant postings loaded,,,,,2026-06-01,,Pending Review
Initial Baseline,2159441,THE VETERINARY DEFENCE SOCIETY LIMITED,0 relevant postings loaded,,,,,2026-06-01,,Pending Review
Initial Baseline,12242600,PROBITAS MANAGING AGENCY LIMITED,0 relevant postings loaded,,,,,2026-06-01,,Pending Review
Initial Baseline,354568,AGEAS INSURANCE LIMITED,0 relevant postings loaded,,,,,2026-06-01,,Pending Review
Initial Baseline,3885534,ESURE INSURANCE LIMITED,0 relevant postings loaded,,,,,2026-06-01,,Pending Review
Initial Baseline,1918744,ASTA MANAGING AGENCY LTD,0 relevant postings loaded,,,,,2026-06-01,,Pending Review
Initial Baseline,5747877,LANCASHIRE INSURANCE COMPANY (UK) LIMITED,0 relevant postings loaded,,,,,2026-06-01,,Pending Review
Initial Baseline,6773428,"BERKLEY OFFSHORE UNDERWRITING MANAGERS UK, LIMITED",0 relevant postings loaded,,,,,2026-06-01,,Pending Review
Initial Baseline,NI053754,ABBEY INSURANCE BROKERS LIMITED,0 relevant postings loaded,,,,,2026-06-01,,Pending Review
Initial Baseline,1079593,JMG INSURANCE BROKERS LIMITED,0 relevant postings loaded,,,,,2026-06-01,,Pending Review
Initial Baseline,3021987,AGE CONCERN TRADING IN CHESHIRE LIMITED,0 relevant postings loaded,,,,,2026-06-01,,Pending Review
Initial Baseline,11452389,THE ASSOCIATION OF AVERAGE ADJUSTERS,0 relevant postings loaded,,,,,2026-06-01,,Pending Review
Initial Baseline,2845229,WRIGHTSURE SERVICES (HAMPSHIRE) LIMITED,0 relevant postings loaded,,,,,2026-06-01,,Pending Review
Initial Baseline,1693417,WRIGHTSURE INSURANCE SERVICES (NORTH WEST) LIMITED,0 relevant postings loaded,,,,,2026-06-01,,Pending Review
Initial Baseline,83597,BAPTIST INSURANCE COMPANY PLC THE,0 relevant postings loaded,,,,,2026-06-01,,Pending Review
Initial Baseline,3956433,BUPA INSURANCE LIMITED,2 relevant postings loaded,,,,,2026-06-01,,Pending Review
Initial Baseline,1264271,HARDY (UNDERWRITING AGENCIES) LIMITED,0 relevant postings loaded,,,,,2026-06-01,,Pending Review
Initial Baseline,3251910,S. A. MEACOCK & COMPANY LIMITED,0 relevant postings loaded,,,,,2026-06-01,,Pending Review
Initial Baseline,1035198,QBE UNDERWRITING LIMITED,2 relevant postings loaded,,,,,2026-06-01,,Pending Review
Initial Baseline,ZC000145,WESLEYAN ASSURANCE SOCIETY,0 relevant postings loaded,,,,,2026-06-01,,Pending Review
Initial Baseline,2248238,HOWDEN EMPLOYEE BENEFITS & WELLBEING LIMITED,0 relevant postings loaded,,,,,2026-06-01,,Pending Review
Initial Baseline,4160680,DUAL CORPORATE RISKS LIMITED,0 relevant postings loaded,,,,,2026-06-01,,Pending Review
Initial Baseline,1363932,REASSURE LIFE LIMITED,0 relevant postings loaded,,,,,2026-06-01,,Pending Review
Initial Baseline,SC286833,STANDARD LIFE ASSURANCE LIMITED,1 relevant postings loaded,,,,,2026-06-01,,Pending Review
Initial Baseline,88695,CHESNARA LIFE (UK) LIMITED,0 relevant postings loaded,,,,,2026-06-01,,Pending Review
Initial Baseline,754167,REASSURE LIMITED,0 relevant postings loaded,,,,,2026-06-01,,Pending Review
Initial Baseline,12915529,ARIEL RE CAPITAL HOLDINGS (NO 1345) LIMITED,0 relevant postings loaded,,,,,2026-06-01,,Pending Review
Initial Baseline,8679396,NAMECO (NO. 1117) LIMITED,0 relevant postings loaded,,,,,2026-06-01,,Pending Review
Initial Baseline,959082,PHOENIX LIFE CA LIMITED,0 relevant postings loaded,,,,,2026-06-01,,Pending Review
Initial Baseline,1016269,PHOENIX LIFE LIMITED,0 relevant postings loaded,,,,,2026-06-01,,Pending Review
Initial Baseline,2657093,TT CLUB MUTUAL INSURANCE LIMITED,0 relevant postings loaded,,,,,2026-06-01,,Pending Review
Initial Baseline,2670020,INTERNATIONAL TRANSPORT INTERMEDIARIES MANAGEMENT COMPANY LTD.,0 relevant postings loaded,,,,,2026-06-01,,Pending Review
Initial Baseline,6870207,INTERNATIONAL GENERAL INSURANCE COMPANY (UK) LIMITED,0 relevant postings loaded,,,,,2026-06-01,,Pending Review
Initial Baseline,12132849,LILLEY PLUMMER RISKS LTD,0 relevant postings loaded,,,,,2026-06-01,,Pending Review
Initial Baseline,8614385,SCOR MANAGING AGENCY LTD,1 relevant postings loaded,,,,,2026-06-01,,Pending Review
Initial Baseline,6265337,STARR MANAGING AGENTS LIMITED,0 relevant postings loaded,,,,,2026-06-01,,Pending Review
Initial Baseline,9654797,STARR INTERNATIONAL (EUROPE) LIMITED,0 relevant postings loaded,,,,,2026-06-01,,Pending Review
Initial Baseline,3526047,CNA EUROPE HOLDINGS LIMITED,0 relevant postings loaded,,,,,2026-06-01,,Pending Review
Initial Baseline,1112603,FIRST TITLE INSURANCE PLC,0 relevant postings loaded,,,,,2026-06-01,,Pending Review
Initial Baseline,181116,WILLIS LIMITED,0 relevant postings loaded,,,,,2026-06-01,,Pending Review
Initial Baseline,5892671,HELIOS UNDERWRITING PLC,0 relevant postings loaded,,,,,2026-06-01,,Pending Review
Initial Baseline,2890075,ABLE INSURANCE SERVICES LIMITED,0 relevant postings loaded,,,,,2026-06-01,,Pending Review
Initial Baseline,2648779,HARMAN KEMP LIMITED,0 relevant postings loaded,,,,,2026-06-01,,Pending Review
Initial Baseline,64269,NPA INSURANCE LIMITED,0 relevant postings loaded,,,,,2026-06-01,,Pending Review
Initial Baseline,3768610,WESTFIELD SPECIALTY MANAGING AGENCY LTD,0 relevant postings loaded,,,,,2026-06-01,,Pending Review
Initial Baseline,8397254,MILESTONE RISK SOLUTIONS LIMITED,0 relevant postings loaded,,,,,2026-06-01,,Pending Review
Initial Baseline,850195,CAR CARE PLAN LIMITED,0 relevant postings loaded,,,,,2026-06-01,,Pending Review
Initial Baseline,980109,SEASCOPE INSURANCE SERVICES LIMITED,0 relevant postings loaded,,,,,2026-06-01,,Pending Review
Initial Baseline,1302663,BRIDGE SPECIALTY INTERNATIONAL LIMITED,0 relevant postings loaded,,,,,2026-06-01,,Pending Review
Initial Baseline,10819967,CHORD REINSURANCE LIMITED,0 relevant postings loaded,,,,,2026-06-01,,Pending Review
Initial Baseline,SC108909,ARTHUR J. GALLAGHER INSURANCE BROKERS LIMITED,48 relevant postings loaded,,,,,2026-06-01,,Pending Review
Initial Baseline,11877412,MCGILL AND PARTNERS LTD,0 relevant postings loaded,,,,,2026-06-01,,Pending Review
Initial Baseline,127262,UNITED KINGDOM MUTUAL WAR RISKS ASSOCIATION LIMITED,0 relevant postings loaded,,,,,2026-06-01,,Pending Review
Initial Baseline,303523,WESTFIELD CONTRIBUTORY HEALTH SCHEME LIMITED,0 relevant postings loaded,,,,,2026-06-01,,Pending Review
Initial Baseline,2542839,LONDON MARKET CLAIMS SERVICES LIMITED,0 relevant postings loaded,,,,,2026-06-01,,Pending Review
Initial Baseline,3867237,JENKINSON & CO LIMITED,0 relevant postings loaded,,,,,2026-06-01,,Pending Review
Initial Baseline,8670444,FLOOD RE LIMITED,0 relevant postings loaded,,,,,2026-06-01,,Pending Review
Initial Baseline,2278602,PENK INSURANCE SERVICES LIMITED,0 relevant postings loaded,,,,,2026-06-01,,Pending Review
Initial Baseline,7981993,FUW INSURANCE SERVICES LIMITED,0 relevant postings loaded,,,,,2026-06-01,,Pending Review
Initial Baseline,6582775,PARETO FINANCIAL PLANNING LIMITED,0 relevant postings loaded,,,,,2026-06-01,,Pending Review
Initial Baseline,1985799,HOUSING ASSOCIATION PROPERTY MUTUAL LIMITED,0 relevant postings loaded,,,,,2026-06-01,,Pending Review
Initial Baseline,759111,W. DENIS (INSURANCE BROKERS) PLC,0 relevant postings loaded,,,,,2026-06-01,,Pending Review
Initial Baseline,9295343,HASILWOOD MANAGEMENT SERVICES LIMITED,0 relevant postings loaded,,,,,2026-06-01,,Pending Review
Initial Baseline,SC144517,SCOTTISH EQUITABLE PLC,0 relevant postings loaded,,,,,2026-06-01,,Pending Review
Initial Baseline,10559664,UTMOST LIFE AND PENSIONS LIMITED,0 relevant postings loaded,,,,,2026-06-01,,Pending Review
Initial Baseline,2456671,ZURICH ASSURANCE LTD,0 relevant postings loaded,,,,,2026-06-01,,Pending Review
Initial Baseline,37038,"EQUITABLE LIFE ASSURANCE SOCIETY,(THE)",0 relevant postings loaded,,,,,2026-06-01,,Pending Review
Initial Baseline,21487,AVIVA INTERNATIONAL INSURANCE LIMITED,0 relevant postings loaded,,,,,2026-06-01,,Pending Review
Initial Baseline,11796392,CONVEX INSURANCE UK LIMITED,0 relevant postings loaded,,,,,2026-06-01,,Pending Review
Initial Baseline,84638,ALLIANZ INSURANCE PLC,0 relevant postings loaded,,,,,2026-06-01,,Pending Review
Initial Baseline,3114590,MARKEL SYNDICATE MANAGEMENT LIMITED,0 relevant postings loaded,,,,,2026-06-01,,Pending Review
Initial Baseline,3232514,LIVERPOOL VICTORIA INSURANCE COMPANY LIMITED,0 relevant postings loaded,,,,,2026-06-01,,Pending Review
Initial Baseline,3730662,HIGHWAY INSURANCE COMPANY LIMITED,0 relevant postings loaded,,,,,2026-06-01,,Pending Review
Initial Baseline,1063340,"MITSUI SUMITOMO INSURANCE COMPANY (EUROPE), LIMITED",0 relevant postings loaded,,,,,2026-06-01,,Pending Review
Initial Baseline,1761561,QBE UK LIMITED,2 relevant postings loaded,,,,,2026-06-01,,Pending Review
Initial Baseline,70234,HISCOX INSURANCE COMPANY LIMITED,2 relevant postings loaded,,,,,2026-06-01,,Pending Review
Initial Baseline,966670,MARKEL INTERNATIONAL INSURANCE COMPANY LIMITED,0 relevant postings loaded,,,,,2026-06-01,,Pending Review
Initial Baseline,4098461,ASCOT UNDERWRITING LIMITED,0 relevant postings loaded,,,,,2026-06-01,,Pending Review
Initial Baseline,1229676,AMTRUST SPECIALTY LIMITED,0 relevant postings loaded,,,,,2026-06-01,,Pending Review
Initial Baseline,15182608,FORTEGRA INSURANCE UK LTD.,0 relevant postings loaded,,,,,2026-06-01,,Pending Review
Initial Baseline,85588,SOVEREIGN HEALTH CARE,0 relevant postings loaded,,,,,2026-06-01,,Pending Review
Initial Baseline,950,CNA INSURANCE COMPANY LIMITED,0 relevant postings loaded,,,,,2026-06-01,,Pending Review
Initial Baseline,1334736,SCOR UK COMPANY LIMITED,1 relevant postings loaded,,,,,2026-06-01,,Pending Review
Initial Baseline,7267159,MOMENTUM BROKER SOLUTIONS LTD,0 relevant postings loaded,,,,,2026-06-01,,Pending Review
Initial Baseline,7401863,SOVEREIGN HEALTH AND INSURANCE SERVICES LIMITED,0 relevant postings loaded,,,,,2026-06-01,,Pending Review
Initial Baseline,6967289,TESCO UNDERWRITING LIMITED,0 relevant postings loaded,,,,,2026-06-01,,Pending Review
Initial Baseline,750484,A-PLAN HOLDINGS,0 relevant postings loaded,,,,,2026-06-01,,Pending Review
Initial Baseline,2831010,HOWDEN UK BROKERS LIMITED,0 relevant postings loaded,,,,,2026-06-01,,Pending Review
Initial Baseline,12383237,LIVERPOOL VICTORIA FINANCIAL SERVICES LIMITED,0 relevant postings loaded,,,,,2026-06-01,,Pending Review
Initial Baseline,12150240,RADAR CAPITAL UK LIMITED,0 relevant postings loaded,,,,,2026-06-01,,Pending Review
Initial Baseline,3848159,NAMECO (NO.416) LIMITED,0 relevant postings loaded,,,,,2026-06-01,,Pending Review
Initial Baseline,2997655,FORESTER LIFE LIMITED,0 relevant postings loaded,,,,,2026-06-01,,Pending Review
Initial Baseline,6897427,FORCESFIRST LIMITED,0 relevant postings loaded,,,,,2026-06-01,,Pending Review
Initial Baseline,166055,LEGAL AND GENERAL ASSURANCE SOCIETY LIMITED,0 relevant postings loaded,,,,,2026-06-01,,Pending Review
Initial Baseline,13511920,ARIEL RE MANAGING AGENCY LIMITED,0 relevant postings loaded,,,,,2026-06-01,,Pending Review
Initial Baseline,482966,REALTY INSURANCES LIMITED,0 relevant postings loaded,,,,,2026-06-01,,Pending Review
Initial Baseline,3846485,HALDER UNDERWRITING NAMECO 318 LIMITED,0 relevant postings loaded,,,,,2026-06-01,,Pending Review
Initial Baseline,3637575,NAMECO (NO.257) LIMITED,0 relevant postings loaded,,,,,2026-06-01,,Pending Review
Initial Baseline,13526063,DALE MANAGING AGENCY LIMITED,0 relevant postings loaded,,,,,2026-06-01,,Pending Review
Initial Baseline,3777907,M G F UNDERWRITING LIMITED,0 relevant postings loaded,,,,,2026-06-01,,Pending Review
Initial Baseline,3034220,FINANCIAL & LEGAL INSURANCE COMPANY LTD,0 relevant postings loaded,,,,,2026-06-01,,Pending Review
Initial Baseline,7058678,ACQUIS INSURANCE MANAGEMENT LIMITED,0 relevant postings loaded,,,,,2026-06-01,,Pending Review
Initial Baseline,5965916,CATALINA WORTHING INSURANCE LIMITED,0 relevant postings loaded,,,,,2026-06-01,,Pending Review
Initial Baseline,10585116,PALADIN HOLDINGS LIMITED,0 relevant postings loaded,,,,,2026-06-01,,Pending Review
Initial Baseline,13621525,PALADIN GLOBAL LIMITED,0 relevant postings loaded,,,,,2026-06-01,,Pending Review
Initial Baseline,5832065,HAMILTON MANAGING AGENCY LIMITED,0 relevant postings loaded,,,,,2026-06-01,,Pending Review
Initial Baseline,258025,MEDICASH HEALTH BENEFITS LIMITED,0 relevant postings loaded,,,,,2026-06-01,,Pending Review
Initial Baseline,10922944,COSTERO HOLDINGS LIMITED,0 relevant postings loaded,,,,,2026-06-01,,Pending Review
Initial Baseline,2512067,GLOBAL AEROSPACE UNDERWRITING MANAGERS LIMITED,0 relevant postings loaded,,,,,2026-06-01,,Pending Review
Initial Baseline,7758539,NAMECO (NO. 1040) LIMITED,0 relevant postings loaded,,,,,2026-06-01,,Pending Review
Initial Baseline,462838,RIVER THAMES INSURANCE COMPANY LIMITED,0 relevant postings loaded,,,,,2026-06-01,,Pending Review
Initial Baseline,3207530,TRAVELERS SYNDICATE MANAGEMENT LIMITED,0 relevant postings loaded,,,,,2026-06-01,,Pending Review
Initial Baseline,4039137,CINCINNATI GLOBAL UNDERWRITING AGENCY LIMITED,0 relevant postings loaded,,,,,2026-06-01,,Pending Review
Initial Baseline,5225049,ACRISURE ELEVEN NETWORK LIMITED,0 relevant postings loaded,,,,,2026-06-01,,Pending Review
Initial Baseline,1500302,MERCANTILE INDEMNITY COMPANY LIMITED,0 relevant postings loaded,,,,,2026-06-01,,Pending Review
Initial Baseline,6441337,ROMBALDS RUN-OFF LIMITED,0 relevant postings loaded,,,,,2026-06-01,,Pending Review
Initial Baseline,9686938,NAMECO (NO. 1273) LIMITED,0 relevant postings loaded,,,,,2026-06-01,,Pending Review
Initial Baseline,NI031853,PRESTIGE UNDERWRITING SERVICES LIMITED,0 relevant postings loaded,,,,,2026-06-01,,Pending Review
Initial Baseline,6459521,ASPEN MANAGING AGENCY LIMITED,0 relevant postings loaded,,,,,2026-06-01,,Pending Review
Initial Baseline,3754733,DOUBLE DRAGON UNDERWRITING LIMITED,0 relevant postings loaded,,,,,2026-06-01,,Pending Review
Initial Baseline,3698194,TEMPLE LEGAL PROTECTION LIMITED,0 relevant postings loaded,,,,,2026-06-01,,Pending Review
Initial Baseline,1337510,CAR CARE PLAN (HOLDINGS) LIMITED,0 relevant postings loaded,,,,,2026-06-01,,Pending Review
Initial Baseline,2845397,POLO COMMERCIAL INSURANCE SERVICES LIMITED,0 relevant postings loaded,,,,,2026-06-01,,Pending Review
Initial Baseline,14467959,NRP HOLDCO LIMITED,0 relevant postings loaded,,,,,2026-06-01,,Pending Review
Initial Baseline,7369995,NAMECO (NO. 1003) LIMITED,0 relevant postings loaded,,,,,2026-06-01,,Pending Review
Initial Baseline,6948515,ARCH MANAGING AGENCY LIMITED,0 relevant postings loaded,,,,,2026-06-01,,Pending Review
Initial Baseline,1973536,CBC UK LIMITED,0 relevant postings loaded,,,,,2026-06-01,,Pending Review
Initial Baseline,2915929,ALPHA INSURANCE ANALYSTS LTD.,0 relevant postings loaded,,,,,2026-06-01,,Pending Review
Initial Baseline,3362483,ROMERO INSURANCE BROKERS LIMITED,0 relevant postings loaded,,,,,2026-06-01,,Pending Review
Initial Baseline,9850559,BROWN & BROWN INSURANCE BROKERS (UK) LIMITED,0 relevant postings loaded,,,,,2026-06-01,,Pending Review
Initial Baseline,9742763,ACRISURE UK MGA LIMITED,0 relevant postings loaded,,,,,2026-06-01,,Pending Review
Initial Baseline,13367163,TEGRON SPECIALTY LIMITED,0 relevant postings loaded,,,,,2026-06-01,,Pending Review
Initial Baseline,15214809,CRUX UNDERWRITING LTD,0 relevant postings loaded,,,,,2026-06-01,,Pending Review
Initial Baseline,5089293,AUTOPROTECT (MBI) LTD,0 relevant postings loaded,,,,,2026-06-01,,Pending Review
Initial Baseline,3535054,CLUB INSURE LIMITED,0 relevant postings loaded,,,,,2026-06-01,,Pending Review
Initial Baseline,9941700,NEOS VENTURES LIMITED,0 relevant postings loaded,,,,,2026-06-01,,Pending Review
Initial Baseline,11955121,BLENHEIM PARTNERSHIPS LIMITED,0 relevant postings loaded,,,,,2026-06-01,,Pending Review
Initial Baseline,2190694,BECKETT FINANCIAL SERVICES LIMITED,0 relevant postings loaded,,,,,2026-06-01,,Pending Review
Initial Baseline,3037942,AGE UK WAKEFIELD TRADING LIMITED,0 relevant postings loaded,,,,,2026-06-01,,Pending Review
Initial Baseline,SC185887,LOSSIEMOUTH FISHERMEN'S BENEVOLENT ASSOCIATION LIMITED,0 relevant postings loaded,,,,,2026-06-01,,Pending Review
Initial Baseline,5372198,ACTIVITIES INDUSTRY MUTUAL LIMITED,0 relevant postings loaded,,,,,2026-06-01,,Pending Review
Initial Baseline,16412933,I. & H. BROWN UW HOLDINGS LIMITED,0 relevant postings loaded,,,,,2026-06-01,,Pending Review
Initial Baseline,9653373,FIRE & RESCUE INDEMNITY COMPANY LIMITED,0 relevant postings loaded,,,,,2026-06-01,,Pending Review
Initial Baseline,3253947,AVIVA LIFE & PENSIONS UK LIMITED,19 relevant postings loaded,,,,,2026-06-01,,Pending Review
Initial Baseline,3003606,LIBERTY MANAGING AGENCY LIMITED,0 relevant postings loaded,,,,,2026-06-01,,Pending Review
Initial Baseline,13436330,GREAT LAKES INSURANCE UK LIMITED,0 relevant postings loaded,,,,,2026-06-01,,Pending Review
Initial Baseline,10737370,AMERICAN INTERNATIONAL GROUP UK LIMITED,0 relevant postings loaded,,,,,2026-06-01,,Pending Review
Initial Baseline,3230337,BERKSHIRE HATHAWAY INTERNATIONAL INSURANCE LIMITED,0 relevant postings loaded,,,,,2026-06-01,,Pending Review
Initial Baseline,7308768,SAMSUNG FIRE & MARINE INSURANCE COMPANY OF EUROPE LTD.,0 relevant postings loaded,,,,,2026-06-01,,Pending Review
Initial Baseline,1022249,BLW INSURANCE BROKERS LTD,0 relevant postings loaded,,,,,2026-06-01,,Pending Review
Initial Baseline,824611,BRIT SYNDICATES LIMITED,0 relevant postings loaded,,,,,2026-06-01,,Pending Review
Initial Baseline,1184193,ASPEN INSURANCE UK LIMITED,0 relevant postings loaded,,,,,2026-06-01,,Pending Review
Initial Baseline,1034343,TRAVELERS INSURANCE COMPANY LIMITED,0 relevant postings loaded,,,,,2026-06-01,,Pending Review
Initial Baseline,4977362,ARCH INSURANCE (UK) LIMITED,0 relevant postings loaded,,,,,2026-06-01,,Pending Review
Initial Baseline,2372789,HISCOX UNDERWRITING LTD,7 relevant postings loaded,,,,,2026-06-01,,Pending Review
Initial Baseline,515135,WELSH HOSPITALS & HEALTH SERVICES ASSOCIATION,0 relevant postings loaded,,,,,2026-06-01,,Pending Review
Initial Baseline,4413524,ENDURANCE WORLDWIDE INSURANCE LIMITED,0 relevant postings loaded,,,,,2026-06-01,,Pending Review
Initial Baseline,12876937,SPRING INSURE LIMITED,0 relevant postings loaded,,,,,2026-06-01,,Pending Review
Initial Baseline,7142031,HOWDEN REINSURANCE BROKERS LIMITED,0 relevant postings loaded,,,,,2026-06-01,,Pending Review
Initial Baseline,3540129,DUAL INTERNATIONAL LIMITED,0 relevant postings loaded,,,,,2026-06-01,,Pending Review
Initial Baseline,15014086,HOLDCO (NO. 906) LIMITED,0 relevant postings loaded,,,,,2026-06-01,,Pending Review
Initial Baseline,12082503,NAMECO (NO. 1330) LIMITED,0 relevant postings loaded,,,,,2026-06-01,,Pending Review
Initial Baseline,3749128,NAMECO (NO.300) LIMITED,0 relevant postings loaded,,,,,2026-06-01,,Pending Review
Initial Baseline,9029773,NAMECO (NO. 1218) LIMITED,0 relevant postings loaded,,,,,2026-06-01,,Pending Review
Initial Baseline,3138148,TIMOTHY JAMES & PARTNERS LIMITED,0 relevant postings loaded,,,,,2026-06-01,,Pending Review
Initial Baseline,5222802,HENDERSON UNDERWRITING LIMITED,2 relevant postings loaded,,,,,2026-06-01,,Pending Review
Initial Baseline,1632840,JAMES HALLAM LIMITED,0 relevant postings loaded,,,,,2026-06-01,,Pending Review
Initial Baseline,14876922,NAMECO (NO. 1391) LIMITED,0 relevant postings loaded,,,,,2026-06-01,,Pending Review
Initial Baseline,2294080,OMNILIFE INSURANCE COMPANY LIMITED,0 relevant postings loaded,,,,,2026-06-01,,Pending Review
Initial Baseline,3431364,NAMECO (NO. 34) LIMITED,0 relevant postings loaded,,,,,2026-06-01,,Pending Review
Initial Baseline,10569244,SRK CONSULTING (GLP) LIMITED,0 relevant postings loaded,,,,,2026-06-01,,Pending Review
Initial Baseline,2686904,EUI LIMITED,0 relevant postings loaded,,,,,2026-06-01,,Pending Review
Initial Baseline,9117611,LOST HORIZON RISK LIMITED,0 relevant postings loaded,,,,,2026-06-01,,Pending Review
Initial Baseline,3431187,NAMECO (NO.61) LIMITED,0 relevant postings loaded,,,,,2026-06-01,,Pending Review
Initial Baseline,5222652,NAMECO (NO. 906) LIMITED,0 relevant postings loaded,,,,,2026-06-01,,Pending Review
Initial Baseline,13192191,BUMPERCO LIMITED,0 relevant postings loaded,,,,,2026-06-01,,Pending Review
Initial Baseline,3406905,FIL LIFE INSURANCE LIMITED,0 relevant postings loaded,,,,,2026-06-01,,Pending Review
Initial Baseline,14130490,BLUMONT ANNUITY COMPANY UK LTD,0 relevant postings loaded,,,,,2026-06-01,,Pending Review
Initial Baseline,12462651,RANINFAM HOLDINGS LIMITED,0 relevant postings loaded,,,,,2026-06-01,,Pending Review
Initial Baseline,1766035,CHINA TAIPING INSURANCE (UK) CO LTD,0 relevant postings loaded,,,,,2026-06-01,,Pending Review
Initial Baseline,1167327,RIVERSTONE INSURANCE (UK) LIMITED,0 relevant postings loaded,,,,,2026-06-01,,Pending Review
Initial Baseline,1262636,MUNICH RE SPECIALTY INSURANCE (UK) LIMITED,0 relevant postings loaded,,,,,2026-06-01,,Pending Review
Initial Baseline,2355834,RAC INSURANCE LIMITED,0 relevant postings loaded,,,,,2026-06-01,,Pending Review
Initial Baseline,2210857,MSL LEGAL EXPENSES LTD,0 relevant postings loaded,,,,,2026-06-01,,Pending Review
Initial Baseline,15804887,EVEREST MANAGING AGENCY LIMITED,0 relevant postings loaded,,,,,2026-06-01,,Pending Review
Initial Baseline,6302201,UNICORN UNDERWRITING LIMITED,0 relevant postings loaded,,,,,2026-06-01,,Pending Review
Initial Baseline,11853592,SAFE TOPCO LIMITED,0 relevant postings loaded,,,,,2026-06-01,,Pending Review
Initial Baseline,7359697,NAMECO (NO. 997) LIMITED,0 relevant postings loaded,,,,,2026-06-01,,Pending Review
Initial Baseline,3641384,FERRAVALE LIMITED,0 relevant postings loaded,,,,,2026-06-01,,Pending Review
Initial Baseline,2770612,HOMESERVE MEMBERSHIP LIMITED,0 relevant postings loaded,,,,,2026-06-01,,Pending Review
Initial Baseline,307622,BRITISH RESERVE INSURANCE COMPANY LIMITED,0 relevant postings loaded,,,,,2026-06-01,,Pending Review
Initial Baseline,3853046,KNIGHT DOLLYS LIMITED,0 relevant postings loaded,,,,,2026-06-01,,Pending Review
Initial Baseline,9825821,EATON GATE MGU LIMITED,0 relevant postings loaded,,,,,2026-06-01,,Pending Review
Initial Baseline,8958233,DOA SPECIAL FACILITIES LIMITED,0 relevant postings loaded,,,,,2026-06-01,,Pending Review
Initial Baseline,6520355,STAPLE HALL UNDERWRITING SERVICES LIMITED,0 relevant postings loaded,,,,,2026-06-01,,Pending Review
Initial Baseline,3253305,RIVERSTONE MANAGING AGENCY LIMITED,0 relevant postings loaded,,,,,2026-06-01,,Pending Review
Initial Baseline,35500,BHSF LIMITED,0 relevant postings loaded,,,,,2026-06-01,,Pending Review
Initial Baseline,8451968,TINDALL RILEY & CO LIMITED,0 relevant postings loaded,,,,,2026-06-01,,Pending Review
Initial Baseline,1865673,LONDON GENERAL INSURANCE COMPANY LIMITED,0 relevant postings loaded,,,,,2026-06-01,,Pending Review
Initial Baseline,820791,PAYCARE,0 relevant postings loaded,,,,,2026-06-01,,Pending Review
Initial Baseline,6853049,MITHRAS UNDERWRITING LIMITED,0 relevant postings loaded,,,,,2026-06-01,,Pending Review
Initial Baseline,13763689,ANTARES INSURANCE COMPANY LIMITED,0 relevant postings loaded,,,,,2026-06-01,,Pending Review
Initial Baseline,14778827,WAKAM UK LIMITED,0 relevant postings loaded,,,,,2026-06-01,,Pending Review
Initial Baseline,1702576,BELL & CLEMENTS (LONDON) LIMITED,0 relevant postings loaded,,,,,2026-06-01,,Pending Review
Initial Baseline,12782688,BRIDGEHAVEN SPECIALTY UK LTD,0 relevant postings loaded,,,,,2026-06-01,,Pending Review
Initial Baseline,1479949,BMS GROUP LIMITED,0 relevant postings loaded,,,,,2026-06-01,,Pending Review
Initial Baseline,2341082,ASSURANT GENERAL INSURANCE LIMITED,0 relevant postings loaded,,,,,2026-06-01,,Pending Review
Initial Baseline,12765929,ARCADIAN RISK CAPITAL (UK) LTD,0 relevant postings loaded,,,,,2026-06-01,,Pending Review
Initial Baseline,4019801,ASSURANT INTERMEDIARY LIMITED,0 relevant postings loaded,,,,,2026-06-01,,Pending Review
Initial Baseline,11566007,CERTA INSURANCE PARTNERS LTD,0 relevant postings loaded,,,,,2026-06-01,,Pending Review
Initial Baseline,4080272,WOODEND UNDERWRITING LIMITED,0 relevant postings loaded,,,,,2026-06-01,,Pending Review
Initial Baseline,9825851,VIGILIS (HOLDINGS) LIMITED,0 relevant postings loaded,,,,,2026-06-01,,Pending Review
Initial Baseline,7030594,ORIANA UNDERWRITING LIMITED,0 relevant postings loaded,,,,,2026-06-01,,Pending Review
Initial Baseline,9123127,NAMECO (NO. 1228) LIMITED,0 relevant postings loaded,,,,,2026-06-01,,Pending Review
Initial Baseline,3985544,MAP CAPITAL LIMITED,0 relevant postings loaded,,,,,2026-06-01,,Pending Review
Initial Baseline,10977029,SCORA LIMITED,0 relevant postings loaded,,,,,2026-06-01,,Pending Review
Initial Baseline,10839242,PALADIN PRIME LIMITED,0 relevant postings loaded,,,,,2026-06-01,,Pending Review
Initial Baseline,989421,TOKIO MARINE KILN INSURANCE LIMITED,0 relevant postings loaded,,,,,2026-06-01,,Pending Review
Initial Baseline,1695841,BELL & CLEMENTS LIMITED,0 relevant postings loaded,,,,,2026-06-01,,Pending Review
Initial Baseline,3632970,AARDVARK UNDERWRITING LIMITED,0 relevant postings loaded,,,,,2026-06-01,,Pending Review
Initial Baseline,8946947,NAMECO (NO. 1190) LIMITED,0 relevant postings loaded,,,,,2026-06-01,,Pending Review
Initial Baseline,1380715,HARTFORD UNDERWRITING AGENCY LIMITED,0 relevant postings loaded,,,,,2026-06-01,,Pending Review
Initial Baseline,14832445,ACCREDITED INSURANCE (UK) LIMITED,0 relevant postings loaded,,,,,2026-06-01,,Pending Review
Initial Baseline,3302887,CFC UNDERWRITING LIMITED,3 relevant postings loaded,,,,,2026-06-01,,Pending Review
Initial Baseline,2396114,HSB ENGINEERING INSURANCE LIMITED,0 relevant postings loaded,,,,,2026-06-01,,Pending Review
Initial Baseline,706042,"LYCETT, BROWNE-SWINBURNE & DOUGLASS LIMITED",0 relevant postings loaded,,,,,2026-06-01,,Pending Review
Initial Baseline,10831430,FSB INSURANCE SERVICE LIMITED,0 relevant postings loaded,,,,,2026-06-01,,Pending Review
Initial Baseline,335308,GUY CARPENTER & COMPANY LIMITED,0 relevant postings loaded,,,,,2026-06-01,,Pending Review
Initial Baseline,4231834,INVESTMENT DISCOUNTS ON LINE LIMITED,0 relevant postings loaded,,,,,2026-06-01,,Pending Review
Initial Baseline,8271017,BENENDEN WELLBEING LIMITED,0 relevant postings loaded,,,,,2026-06-01,,Pending Review
Initial Baseline,6089982,SENSE NETWORK LIMITED,0 relevant postings loaded,,,,,2026-06-01,,Pending Review
Initial Baseline,8130498,THE RIGHT MORTGAGE LIMITED,0 relevant postings loaded,,,,,2026-06-01,,Pending Review
Initial Baseline,15012964,CONVERGENCE CREDIT LIMITED,0 relevant postings loaded,,,,,2026-06-01,,Pending Review
Initial Baseline,15266996,REDRIFF UNDERWRITING LIMITED,0 relevant postings loaded,,,,,2026-06-01,,Pending Review
Initial Baseline,12663118,ALCOR UNDERWRITING LONDON LIMITED,0 relevant postings loaded,,,,,2026-06-01,,Pending Review
Initial Baseline,14061643,HORACE UNDERWRITING LIMITED,0 relevant postings loaded,,,,,2026-06-01,,Pending Review
Initial Baseline,11703162,LOADSURE LTD,0 relevant postings loaded,,,,,2026-06-01,,Pending Review
Initial Baseline,1488763,BROWNHILL INSURANCE GROUP LIMITED,0 relevant postings loaded,,,,,2026-06-01,,Pending Review
Initial Baseline,12676044,ROOTS INSURANCE BROKERS LIMITED,0 relevant postings loaded,,,,,2026-06-01,,Pending Review
Initial Baseline,929224,AMWINS GLOBAL RISKS LIMITED,0 relevant postings loaded,,,,,2026-06-01,,Pending Review
Initial Baseline,10207490,MUNICH RE DIGITAL PARTNERS LIMITED,0 relevant postings loaded,,,,,2026-06-01,,Pending Review
Initial Baseline,1419341,VICTOR-MILLWELL INSURANCE AGENCY LIMITED,0 relevant postings loaded,,,,,2026-06-01,,Pending Review
Initial Baseline,14368225,FLUX SERVECO LIMITED,0 relevant postings loaded,,,,,2026-06-01,,Pending Review
Initial Baseline,3133493,DIRECT COMMERCIAL LIMITED,0 relevant postings loaded,,,,,2026-06-01,,Pending Review
Initial Baseline,11429456,BSPOKE LIFESTYLE LTD,0 relevant postings loaded,,,,,2026-06-01,,Pending Review
Initial Baseline,4506493,BSPOKE UNDERWRITING LTD,0 relevant postings loaded,,,,,2026-06-01,,Pending Review
Initial Baseline,2895270,LEWIS & CO (INVESTMENTS & PENSIONS) LIMITED,0 relevant postings loaded,,,,,2026-06-01,,Pending Review
Initial Baseline,3611274,MAGUS PRIVATE WEALTH LIMITED,0 relevant postings loaded,,,,,2026-06-01,,Pending Review
Initial Baseline,SC386504,AAB WEALTH LIMITED,0 relevant postings loaded,,,,,2026-06-01,,Pending Review
Initial Baseline,2887406,IRWELL INSURANCE COMPANY LIMITED,0 relevant postings loaded,,,,,2026-06-01,,Pending Review
Initial Baseline,1842617,BARKDENE LIMITED,0 relevant postings loaded,,,,,2026-06-01,,Pending Review
Initial Baseline,8673216,U DRIVE COVER LIMITED,0 relevant postings loaded,,,,,2026-06-01,,Pending Review
Initial Baseline,9827823,RIVIERA INSURANCE SERVICES LIMITED,0 relevant postings loaded,,,,,2026-06-01,,Pending Review
Initial Baseline,1102951,R.A. COWEN & PARTNERS LIMITED,0 relevant postings loaded,,,,,2026-06-01,,Pending Review
Initial Baseline,5045859,DOA UNDERWRITING LIMITED,0 relevant postings loaded,,,,,2026-06-01,,Pending Review
Initial Baseline,3220410,TRAVEL INSURANCE FACILITIES PLC,0 relevant postings loaded,,,,,2026-06-01,,Pending Review
Initial Baseline,485850,DOMESTIC & GENERAL INSURANCE PLC,0 relevant postings loaded,,,,,2026-06-01,,Pending Review
Initial Baseline,2783474,DARWIN CLAYTON (UK) LIMITED,0 relevant postings loaded,,,,,2026-06-01,,Pending Review
Initial Baseline,1345933,MICHAEL ELSE AND COMPANY LIMITED,0 relevant postings loaded,,,,,2026-06-01,,Pending Review
Initial Baseline,8478415,LOVEDAY & PARTNERS LIMITED,0 relevant postings loaded,,,,,2026-06-01,,Pending Review
Initial Baseline,11102933,C-QUENCE TECHNOLOGIES LIMITED,0 relevant postings loaded,,,,,2026-06-01,,Pending Review
Initial Baseline,3689704,SMQ SERVICES LIMITED,0 relevant postings loaded,,,,,2026-06-01,,Pending Review
Initial Baseline,2575623,CIRCLE INSURANCE SERVICES LIMITED,0 relevant postings loaded,,,,,2026-06-01,,Pending Review
Initial Baseline,2210270,PETER BEST INSURANCE SERVICES LIMITED,0 relevant postings loaded,,,,,2026-06-01,,Pending Review
Initial Baseline,1167043,GROVE & DEAN LIMITED,0 relevant postings loaded,,,,,2026-06-01,,Pending Review
Initial Baseline,4206886,1ST FINANCIAL GROUP LIMITED,0 relevant postings loaded,,,,,2026-06-01,,Pending Review
Initial Baseline,9085809,THE MASONIC MUTUAL LIMITED,0 relevant postings loaded,,,,,2026-06-01,,Pending Review
Initial Baseline,1279184,L. WOOD & CO. LIMITED,0 relevant postings loaded,,,,,2026-06-01,,Pending Review
Initial Baseline,4901109,GOTT AND WYNNE LIMITED,0 relevant postings loaded,,,,,2026-06-01,,Pending Review
Initial Baseline,8608937,EAST ANGLIAN FINANCIAL PLANNING LTD,0 relevant postings loaded,,,,,2026-06-01,,Pending Review
Initial Baseline,13992711,METLIFE UK LIMITED,0 relevant postings loaded,,,,,2026-06-01,,Pending Review
Initial Baseline,5465261,PARTNERSHIP LIFE ASSURANCE COMPANY LIMITED,0 relevant postings loaded,,,,,2026-06-01,,Pending Review
Initial Baseline,983768,UNUM LIMITED,0 relevant postings loaded,,,,,2026-06-01,,Pending Review
Initial Baseline,6369,METHODIST INSURANCE PUBLIC LIMITED COMPANY,0 relevant postings loaded,,,,,2026-06-01,,Pending Review
Initial Baseline,14939984,COVERYS LIMITED,0 relevant postings loaded,,,,,2026-06-01,,Pending Review
Initial Baseline,2678367,MOTORS INSURANCE COMPANY LIMITED,0 relevant postings loaded,,,,,2026-06-01,,Pending Review
Initial Baseline,361687,TRENT INSURANCE COMPANY LIMITED,0 relevant postings loaded,,,,,2026-06-01,,Pending Review
Initial Baseline,11105895,AIOI NISSAY DOWA INSURANCE UK LIMITED,1 relevant postings loaded,,,,,2026-06-01,,Pending Review
Initial Baseline,677856,RENTOKIL INSURANCE LIMITED,4 relevant postings loaded,,,,,2026-06-01,,Pending Review
Initial Baseline,1832067,PERSONAL ASSURANCE PUBLIC LIMITED COMPANY,0 relevant postings loaded,,,,,2026-06-01,,Pending Review
Initial Baseline,SC006851,THE DOMINION INSURANCE COMPANY LIMITED,0 relevant postings loaded,,,,,2026-06-01,,Pending Review
Initial Baseline,3630812,ANIMAL FRIENDS INSURANCE SERVICES LIMITED,0 relevant postings loaded,,,,,2026-06-01,,Pending Review
Initial Baseline,15884169,BRIT GROUP HOLDINGS LIMITED,0 relevant postings loaded,,,,,2026-06-01,,Pending Review
Initial Baseline,9753615,PELAGOS INSURANCE CAPITAL UNDERWRITING LIMITED,0 relevant postings loaded,,,,,2026-06-01,,Pending Review
Initial Baseline,8506758,TRANSRE LONDON LIMITED,0 relevant postings loaded,,,,,2026-06-01,,Pending Review
Initial Baseline,16635481,NAMECO (NO. 1421) LIMITED,0 relevant postings loaded,,,,,2026-06-01,,Pending Review
Initial Baseline,15937330,MOMENTUM RISK SOLUTIONS UK LIMITED,0 relevant postings loaded,,,,,2026-06-01,,Pending Review
Initial Baseline,16762225,CORINTHIAN SERVICE COMPANY LIMITED,0 relevant postings loaded,,,,,2026-06-01,,Pending Review
Initial Baseline,3089775,LIFESEARCH LIMITED,0 relevant postings loaded,,,,,2026-06-01,,Pending Review
Initial Baseline,798365,INTEGRALIFE UK LIMITED,0 relevant postings loaded,,,,,2026-06-01,,Pending Review
Initial Baseline,2404421,MEDIA INSURANCE BROKERS LIMITED,0 relevant postings loaded,,,,,2026-06-01,,Pending Review
Initial Baseline,7524836,TIGERRISK PARTNERS (UK) LIMITED,0 relevant postings loaded,,,,,2026-06-01,,Pending Review
Initial Baseline,3697314,REICH INSURANCE BROKERS LIMITED,0 relevant postings loaded,,,,,2026-06-01,,Pending Review
Initial Baseline,2489110,SENNOCKE INTERNATIONAL INSURANCE SERVICES LIMITED,0 relevant postings loaded,,,,,2026-06-01,,Pending Review
Initial Baseline,9925628,TIGERRISK CAPITAL MARKETS & ADVISORY (UK) LIMITED,0 relevant postings loaded,,,,,2026-06-01,,Pending Review
Initial Baseline,3680970,SPF PRIVATE CLIENTS LIMITED,0 relevant postings loaded,,,,,2026-06-01,,Pending Review
Initial Baseline,5799376,GOCOMPARE.COM LIMITED,0 relevant postings loaded,,,,,2026-06-01,,Pending Review
Initial Baseline,12884796,ARROW RISK MANAGEMENT LIMITED,0 relevant postings loaded,,,,,2026-06-01,,Pending Review
Initial Baseline,829660,BHIB LIMITED,0 relevant postings loaded,,,,,2026-06-01,,Pending Review
Initial Baseline,5074716,BROKERBILITY LIMITED,0 relevant postings loaded,,,,,2026-06-01,,Pending Review
Initial Baseline,14029884,CAMERON SPECIALTY INSURANCE LIMITED,0 relevant postings loaded,,,,,2026-06-01,,Pending Review
Initial Baseline,8952872,NAMECO (NO. 1202) LIMITED,0 relevant postings loaded,,,,,2026-06-01,,Pending Review
Initial Baseline,9591198,NAMECO (NO. 1263) LIMITED,0 relevant postings loaded,,,,,2026-06-01,,Pending Review
Initial Baseline,10930451,HUNTLEY CAPITAL LIMITED,0 relevant postings loaded,,,,,2026-06-01,,Pending Review
Initial Baseline,9023496,ANDORMAN (UK) LIMITED,0 relevant postings loaded,,,,,2026-06-01,,Pending Review
Initial Baseline,8679191,NAMECO (NO. 1115) LIMITED,0 relevant postings loaded,,,,,2026-06-01,,Pending Review
Initial Baseline,10955382,NAMECO (NO. 1314) LIMITED,0 relevant postings loaded,,,,,2026-06-01,,Pending Review
Initial Baseline,8936657,N1172 LIMITED,0 relevant postings loaded,,,,,2026-06-01,,Pending Review
Initial Baseline,3846478,NAMECO (NO.305) LIMITED,0 relevant postings loaded,,,,,2026-06-01,,Pending Review
Initial Baseline,1651212,WESLEYAN FINANCIAL SERVICES LIMITED,0 relevant postings loaded,,,,,2026-06-01,,Pending Review
Initial Baseline,9591061,NAMECO (NO. 1259) LIMITED,0 relevant postings loaded,,,,,2026-06-01,,Pending Review
Initial Baseline,6606974,AUL ASSURANCE LTD,0 relevant postings loaded,,,,,2026-06-01,,Pending Review
Initial Baseline,13453903,NAMECO (NO. 1359) LIMITED,0 relevant postings loaded,,,,,2026-06-01,,Pending Review
Initial Baseline,7013176,NAMECO (NO. 981) LIMITED,0 relevant postings loaded,,,,,2026-06-01,,Pending Review
Initial Baseline,8599414,NAMECO (NO. 1089) LIMITED,0 relevant postings loaded,,,,,2026-06-01,,Pending Review
Initial Baseline,7012934,NAMECO (NO. 967) LIMITED,0 relevant postings loaded,,,,,2026-06-01,,Pending Review
Initial Baseline,3440653,PETRUS CAPITAL LIMITED,0 relevant postings loaded,,,,,2026-06-01,,Pending Review
Initial Baseline,2628062,ST. JAMES'S PLACE UK PLC,0 relevant postings loaded,,,,,2026-06-01,,Pending Review
Initial Baseline,15168212,NAMECO (NO. 1404 ) LIMITED,0 relevant postings loaded,,,,,2026-06-01,,Pending Review
Initial Baseline,1541630,HOWARD WRIGHT LTD,0 relevant postings loaded,,,,,2026-06-01,,Pending Review
Initial Baseline,8635502,NAMECO (NO. 1098) LIMITED,0 relevant postings loaded,,,,,2026-06-01,,Pending Review
Initial Baseline,2057974,LYCETTS FINANCIAL SERVICES LIMITED,0 relevant postings loaded,,,,,2026-06-01,,Pending Review
Initial Baseline,7013090,NAMECO (NO. 972) LIMITED,0 relevant postings loaded,,,,,2026-06-01,,Pending Review
Initial Baseline,3440770,NAMECO (NO.121) LIMITED,0 relevant postings loaded,,,,,2026-06-01,,Pending Review
Initial Baseline,5222661,NAMECO (NO. 902) LIMITED,0 relevant postings loaded,,,,,2026-06-01,,Pending Review
Initial Baseline,3431176,NAMECO (NO.57) LIMITED,0 relevant postings loaded,,,,,2026-06-01,,Pending Review
Initial Baseline,3846513,NAMECO (NO.327) LIMITED,0 relevant postings loaded,,,,,2026-06-01,,Pending Review
Initial Baseline,10710065,NAMECO (NO. 1309) LIMITED,0 relevant postings loaded,,,,,2026-06-01,,Pending Review
Initial Baseline,2837811,HISCOX PLC,7 relevant postings loaded,,,,,2026-06-01,,Pending Review
Initial Baseline,1636368,ACORN INSURANCE AND FINANCIAL SERVICES LIMITED,0 relevant postings loaded,,,,,2026-06-01,,Pending Review
Initial Baseline,10320526,RWGAD LIMITED,0 relevant postings loaded,,,,,2026-06-01,,Pending Review
Initial Baseline,10319787,CLAN ROBERT UTG AND CO LIMITED,0 relevant postings loaded,,,,,2026-06-01,,Pending Review
Initial Baseline,2982445,INSURANCE FACTORY LIMITED,0 relevant postings loaded,,,,,2026-06-01,,Pending Review
Initial Baseline,6245947,GCUBE UNDERWRITING LIMITED,0 relevant postings loaded,,,,,2026-06-01,,Pending Review
Initial Baseline,3623950,GUARANTEED CONVEYANCING SOLUTIONS LIMITED,0 relevant postings loaded,,,,,2026-06-01,,Pending Review
Initial Baseline,7632771,BERKLEY RE UK LIMITED,0 relevant postings loaded,,,,,2026-06-01,,Pending Review
Initial Baseline,6959763,HAVEN CAPITAL LIMITED,0 relevant postings loaded,,,,,2026-06-01,,Pending Review
Initial Baseline,4538873,BEAZLEY UNDERWRITING LIMITED,0 relevant postings loaded,,,,,2026-06-01,,Pending Review
Initial Baseline,8312009,INCORPORATED INSURANCE GROUP LIMITED,0 relevant postings loaded,,,,,2026-06-01,,Pending Review
Initial Baseline,9197733,ALSOVEN UW LIMITED,0 relevant postings loaded,,,,,2026-06-01,,Pending Review
Initial Baseline,3852906,SPRINGBOK UNDERWRITING LIMITED,0 relevant postings loaded,,,,,2026-06-01,,Pending Review
Initial Baseline,4312216,RECHTER UNDERWRITING LIMITED,0 relevant postings loaded,,,,,2026-06-01,,Pending Review
Initial Baseline,3039521,AXA GLOBAL HEALTHCARE (UK) LIMITED,0 relevant postings loaded,,,,,2026-06-01,,Pending Review
Initial Baseline,3643602,ANNBRI LIMITED,0 relevant postings loaded,,,,,2026-06-01,,Pending Review
Initial Baseline,9524616,OPTIO UNDERWRITING LTD,0 relevant postings loaded,,,,,2026-06-01,,Pending Review
Initial Baseline,4835110,COSTERO BROKERS LIMITED,0 relevant postings loaded,,,,,2026-06-01,,Pending Review
Initial Baseline,4873289,NAMECO (NO.811) LIMITED,0 relevant postings loaded,,,,,2026-06-01,,Pending Review
Initial Baseline,9157620,NAMECO (NO. 1237) LIMITED,0 relevant postings loaded,,,,,2026-06-01,,Pending Review
Initial Baseline,12698289,SOTERIA INSURANCE LIMITED,0 relevant postings loaded,,,,,2026-06-01,,Pending Review
Initial Baseline,2983873,TRADEX INSURANCE COMPANY PLC,0 relevant postings loaded,,,,,2026-06-01,,Pending Review
Initial Baseline,10531277,ENVELOP RISK ANALYTICS LIMITED,0 relevant postings loaded,,,,,2026-06-01,,Pending Review
Initial Baseline,972175,TRAVELERS MANAGEMENT LIMITED,0 relevant postings loaded,,,,,2026-06-01,,Pending Review
Initial Baseline,6710272,IGO4 PARTNERS LIMITED,0 relevant postings loaded,,,,,2026-06-01,,Pending Review
Initial Baseline,6229756,CHANNING LUCAS & PARTNERS LIMITED,0 relevant postings loaded,,,,,2026-06-01,,Pending Review
Initial Baseline,2208091,KBIS LIMITED,0 relevant postings loaded,,,,,2026-06-01,,Pending Review
Initial Baseline,6997015,BROOKING UNDERWRITING LIMITED,0 relevant postings loaded,,,,,2026-06-01,,Pending Review
Initial Baseline,14473695,NRP UW LIMITED,0 relevant postings loaded,,,,,2026-06-01,,Pending Review
Initial Baseline,14477141,NRP INVESTCO LIMITED,0 relevant postings loaded,,,,,2026-06-01,,Pending Review
Initial Baseline,3600178,MEACOCK CAPITAL PLC,0 relevant postings loaded,,,,,2026-06-01,,Pending Review
Initial Baseline,9440415,OPTIO RISK SERVICES LTD,0 relevant postings loaded,,,,,2026-06-01,,Pending Review
Initial Baseline,SC025905,THE SCOTTISH LION INSURANCE COMPANY LIMITED,0 relevant postings loaded,,,,,2026-06-01,,Pending Review
Initial Baseline,3946863,GOMM (2000) LIMITED,0 relevant postings loaded,,,,,2026-06-01,,Pending Review
Initial Baseline,3321083,URA VENTURES LIMITED,0 relevant postings loaded,,,,,2026-06-01,,Pending Review
Initial Baseline,730577,USAA LIMITED,0 relevant postings loaded,,,,,2026-06-01,,Pending Review
Initial Baseline,9156274,NAMECO (NO. 1231) LIMITED,0 relevant postings loaded,,,,,2026-06-01,,Pending Review
Initial Baseline,9165786,ACQUIS HOLDING LIMITED,0 relevant postings loaded,,,,,2026-06-01,,Pending Review
Initial Baseline,2682789,PIB RISK SERVICES LIMITED,0 relevant postings loaded,,,,,2026-06-01,,Pending Review
Initial Baseline,11410947,INSENTURE UNDERWRITING SERVICES LIMITED,0 relevant postings loaded,,,,,2026-06-01,,Pending Review
Initial Baseline,3599690,CAMAR LIMITED,0 relevant postings loaded,,,,,2026-06-01,,Pending Review
Initial Baseline,7313009,MI SPECIALTY LTD,0 relevant postings loaded,,,,,2026-06-01,,Pending Review
Initial Baseline,172919,GALLAGHER CONSULTANTS (HEALTHCARE) LIMITED,0 relevant postings loaded,,,,,2026-06-01,,Pending Review
Initial Baseline,3871048,BUILDING LIFEPLANS LIMITED,0 relevant postings loaded,,,,,2026-06-01,,Pending Review
Initial Baseline,6996675,MARNICO UNDERWRITING LIMITED,0 relevant postings loaded,,,,,2026-06-01,,Pending Review
Initial Baseline,2600841,CAROLE NASH INSURANCE CONSULTANTS LIMITED,0 relevant postings loaded,,,,,2026-06-01,,Pending Review
Initial Baseline,3904070,SIMPLY INSURANCE SERVICES LIMITED,0 relevant postings loaded,,,,,2026-06-01,,Pending Review
Initial Baseline,9230660,YLP LIMITED,0 relevant postings loaded,,,,,2026-06-01,,Pending Review
Initial Baseline,7770177,INEVEXCO LTD,0 relevant postings loaded,,,,,2026-06-01,,Pending Review
Initial Baseline,2135730,MARKERSTUDY INSURANCE SERVICES LIMITED,2 relevant postings loaded,,,,,2026-06-01,,Pending Review
Initial Baseline,1135419,C.J. COLEMAN & COMPANY LIMITED,0 relevant postings loaded,,,,,2026-06-01,,Pending Review
Initial Baseline,12228254,ISMIE RE CORPORATE MEMBER LIMITED,0 relevant postings loaded,,,,,2026-06-01,,Pending Review
Initial Baseline,2962219,JONES TAYLOR STEVEN LIMITED,0 relevant postings loaded,,,,,2026-06-01,,Pending Review
Initial Baseline,817523,LA REUNION AERIENNE LONDON LIMITED,0 relevant postings loaded,,,,,2026-06-01,,Pending Review
Initial Baseline,3002,BA (GI) LIMITED,0 relevant postings loaded,,,,,2026-06-01,,Pending Review
Initial Baseline,157508,NRG VICTORY REINSURANCE LIMITED,0 relevant postings loaded,,,,,2026-06-01,,Pending Review
Initial Baseline,6993041,YELLOWFIN UNDERWRITING LIMITED,0 relevant postings loaded,,,,,2026-06-01,,Pending Review
Initial Baseline,12819318,PALADIN HEALTHCARE LIMITED,0 relevant postings loaded,,,,,2026-06-01,,Pending Review
Initial Baseline,3600207,MEACOCK UNDERWRITING LIMITED,0 relevant postings loaded,,,,,2026-06-01,,Pending Review
Initial Baseline,8536306,BASTION INSURANCE SERVICES LTD,0 relevant postings loaded,,,,,2026-06-01,,Pending Review
Initial Baseline,9093282,ROBINSON ZIGGURAT VENTURES LIMITED,0 relevant postings loaded,,,,,2026-06-01,,Pending Review
Initial Baseline,756681,ATLANTA INSURANCE INTERMEDIARIES LIMITED,0 relevant postings loaded,,,,,2026-06-01,,Pending Review
Initial Baseline,11854915,SAFE BIDCO LIMITED,0 relevant postings loaded,,,,,2026-06-01,,Pending Review
Initial Baseline,11854758,SAFE MIDCO LIMITED,0 relevant postings loaded,,,,,2026-06-01,,Pending Review
Initial Baseline,4801804,OPTEVEN INSURED UK LTD,0 relevant postings loaded,,,,,2026-06-01,,Pending Review
Initial Baseline,5177010,ASSURED GUARANTY (UK) SERVICES LIMITED,0 relevant postings loaded,,,,,2026-06-01,,Pending Review
Initial Baseline,10955079,FARADAY MGA LIMITED,0 relevant postings loaded,,,,,2026-06-01,,Pending Review
Initial Baseline,7384674,FOREST BECKS LIMITED,0 relevant postings loaded,,,,,2026-06-01,,Pending Review
Initial Baseline,3636396,ALDEBY UNDERWRITING LIMITED,0 relevant postings loaded,,,,,2026-06-01,,Pending Review
Initial Baseline,5988054,LLOYD LATCHFORD GROUP LIMITED,0 relevant postings loaded,,,,,2026-06-01,,Pending Review
Initial Baseline,9238346,LAMMICO MEMBER NO.1 LIMITED,0 relevant postings loaded,,,,,2026-06-01,,Pending Review
Initial Baseline,4080234,GOODY GOOD FOUR LIMITED,0 relevant postings loaded,,,,,2026-06-01,,Pending Review
Initial Baseline,4076882,G L UNDERWRITING LIMITED,0 relevant postings loaded,,,,,2026-06-01,,Pending Review
Initial Baseline,3151266,LUPTON DEL PRINCIPE ASSOCIATES LIMITED,0 relevant postings loaded,,,,,2026-06-01,,Pending Review
Initial Baseline,9232287,MARCO INTERNATIONAL INSURANCE COMPANY LIMITED,0 relevant postings loaded,,,,,2026-06-01,,Pending Review
Initial Baseline,3321734,STONEBRIDGE INTERNATIONAL INSURANCE LTD.,0 relevant postings loaded,,,,,2026-06-01,,Pending Review
Initial Baseline,7382708,FIDENTIA 500 LIMITED,0 relevant postings loaded,,,,,2026-06-01,,Pending Review
Initial Baseline,5030956,FINANCIAL GUARANTY UK LIMITED,0 relevant postings loaded,,,,,2026-06-01,,Pending Review
Initial Baseline,4080248,NAMECO (NO.537) LIMITED,0 relevant postings loaded,,,,,2026-06-01,,Pending Review
Initial Baseline,7681882,HARLEY STREET INSURANCE GROUP LIMITED,0 relevant postings loaded,,,,,2026-06-01,,Pending Review
Initial Baseline,NI064828,FIND INSURANCE NI LTD,0 relevant postings loaded,,,,,2026-06-01,,Pending Review
Initial Baseline,6760260,INTEGRA INSURANCE SOLUTIONS LIMITED,0 relevant postings loaded,,,,,2026-06-01,,Pending Review
Initial Baseline,10846939,PINE WALK CAPITAL LIMITED,0 relevant postings loaded,,,,,2026-06-01,,Pending Review
Initial Baseline,13075335,MOSAIC CORPORATE CAPITAL LIMITED,0 relevant postings loaded,,,,,2026-06-01,,Pending Review
Initial Baseline,10879844,ALCHEMY UNDERWRITING LIMITED,0 relevant postings loaded,,,,,2026-06-01,,Pending Review
Initial Baseline,4521272,GARTHPOOL UNDERWRITING LIMITED,0 relevant postings loaded,,,,,2026-06-01,,Pending Review
Initial Baseline,3874789,RESIDENTSLINE LIMITED,0 relevant postings loaded,,,,,2026-06-01,,Pending Review
Initial Baseline,1084952,TENECOM LIMITED,0 relevant postings loaded,,,,,2026-06-01,,Pending Review
Initial Baseline,5773175,TRANSFERCOM LIMITED,0 relevant postings loaded,,,,,2026-06-01,,Pending Review
Initial Baseline,89255,XITUS INSURANCE LIMITED,0 relevant postings loaded,,,,,2026-06-01,,Pending Review
Initial Baseline,6792906,OPTEVEN DEALER UK LTD,0 relevant postings loaded,,,,,2026-06-01,,Pending Review
Initial Baseline,10755170,ACRISURE RE UK LIMITED,0 relevant postings loaded,,,,,2026-06-01,,Pending Review
Initial Baseline,3637636,ALTO UNDERWRITING LIMITED,0 relevant postings loaded,,,,,2026-06-01,,Pending Review
Initial Baseline,2553288,RIVER RE LIMITED,0 relevant postings loaded,,,,,2026-06-01,,Pending Review
Initial Baseline,10843451,OPTEVEN SERVICES UK LTD,0 relevant postings loaded,,,,,2026-06-01,,Pending Review
Initial Baseline,8503153,YOUR MORTGAGE PEOPLE LIMITED,0 relevant postings loaded,,,,,2026-06-01,,Pending Review
Initial Baseline,1040641,ST. GILES INSURANCE & FINANCE SERVICES LIMITED,0 relevant postings loaded,,,,,2026-06-01,,Pending Review
Initial Baseline,952756,CONCEPT SPECIAL RISKS LTD,0 relevant postings loaded,,,,,2026-06-01,,Pending Review
Initial Baseline,10317065,CLARKE WILLIAMS LTD,0 relevant postings loaded,,,,,2026-06-01,,Pending Review
Initial Baseline,8107294,ADDEPT INSURANCE SERVICES LTD,0 relevant postings loaded,,,,,2026-06-01,,Pending Review
Initial Baseline,2006558,KERRY LONDON LIMITED,0 relevant postings loaded,,,,,2026-06-01,,Pending Review
Initial Baseline,10119835,DOVER STREET INSURANCE BROKERS LIMITED,0 relevant postings loaded,,,,,2026-06-01,,Pending Review
Initial Baseline,1325898,ANDREW COPELAND (INSURANCE CONSULTANTS) LIMITED,0 relevant postings loaded,,,,,2026-06-01,,Pending Review
Initial Baseline,12486813,AFFINITY INSURANCE SOLUTIONS LIMITED,0 relevant postings loaded,,,,,2026-06-01,,Pending Review
Initial Baseline,11780613,FRONTIER GLOBAL UW LIMITED,0 relevant postings loaded,,,,,2026-06-01,,Pending Review
Initial Baseline,1469545,KINGFISHER INSURANCE SERVICES LIMITED,0 relevant postings loaded,,,,,2026-06-01,,Pending Review
Initial Baseline,9900466,PIB GROUP LIMITED,2 relevant postings loaded,,,,,2026-06-01,,Pending Review
Initial Baseline,4451375,HUGHES INSURANCE SERVICES LIMITED,0 relevant postings loaded,,,,,2026-06-01,,Pending Review
Initial Baseline,4516776,ERGO UK SPECIALTY LIMITED,0 relevant postings loaded,,,,,2026-06-01,,Pending Review
Initial Baseline,8633249,V.SCOPE RISK MANAGEMENT LTD,0 relevant postings loaded,,,,,2026-06-01,,Pending Review
Initial Baseline,5095154,I GO 4 LTD.,0 relevant postings loaded,,,,,2026-06-01,,Pending Review
Initial Baseline,15787646,SILVERFLAME RE LIMITED,0 relevant postings loaded,,,,,2026-06-01,,Pending Review
Initial Baseline,13787856,PERNIX SPECIALTY LIMITED,0 relevant postings loaded,,,,,2026-06-01,,Pending Review
Initial Baseline,14982256,ITASCA MGA LIMITED,0 relevant postings loaded,,,,,2026-06-01,,Pending Review
Initial Baseline,12439816,BROADWAY BROKING GROUP LIMITED,0 relevant postings loaded,,,,,2026-06-01,,Pending Review
Initial Baseline,6317314,SEIB INSURANCE BROKERS LIMITED,0 relevant postings loaded,,,,,2026-06-01,,Pending Review
Initial Baseline,11864319,LITICA LTD,0 relevant postings loaded,,,,,2026-06-01,,Pending Review
Initial Baseline,2409309,SUTTON SPECIALIST RISKS LIMITED,0 relevant postings loaded,,,,,2026-06-01,,Pending Review
Initial Baseline,7857938,FIRST UNDERWRITING LIMITED,0 relevant postings loaded,,,,,2026-06-01,,Pending Review
Initial Baseline,4137311,BRIGHTSIDE INSURANCE SERVICES LIMITED,0 relevant postings loaded,,,,,2026-06-01,,Pending Review
Initial Baseline,10390196,FLOODFLASH LIMITED,0 relevant postings loaded,,,,,2026-06-01,,Pending Review
Initial Baseline,12242685,EGV (HOLDINGS) LIMITED,0 relevant postings loaded,,,,,2026-06-01,,Pending Review
Initial Baseline,6012716,QDOS BROKER AND UNDERWRITING SERVICES LIMITED,0 relevant postings loaded,,,,,2026-06-01,,Pending Review
Initial Baseline,10477419,FALCON MGA SERVICES LIMITED,0 relevant postings loaded,,,,,2026-06-01,,Pending Review
Initial Baseline,13281620,NAPO LIMITED,0 relevant postings loaded,,,,,2026-06-01,,Pending Review
Initial Baseline,11068409,TICKER LIMITED,0 relevant postings loaded,,,,,2026-06-01,,Pending Review
Initial Baseline,13297194,NAVIUM MARINE LIMITED,0 relevant postings loaded,,,,,2026-06-01,,Pending Review
Initial Baseline,6838409,REASSURED LIMITED,0 relevant postings loaded,,,,,2026-06-01,,Pending Review
Initial Baseline,7037484,VISION INSURANCE SERVICES LTD,0 relevant postings loaded,,,,,2026-06-01,,Pending Review
Initial Baseline,595327,C.R. TOOGOOD & CO. LIMITED,0 relevant postings loaded,,,,,2026-06-01,,Pending Review
Initial Baseline,17864,THE STANDARD CLUB UK LTD,0 relevant postings loaded,,,,,2026-06-01,,Pending Review
Initial Baseline,7277528,Q ASSURE BUILD LIMITED,0 relevant postings loaded,,,,,2026-06-01,,Pending Review
Initial Baseline,NI048434,MONEY MATTERS (NI) LIMITED,0 relevant postings loaded,,,,,2026-06-01,,Pending Review
Initial Baseline,862690,WILSON INSURANCE BROKING GROUP LIMITED,0 relevant postings loaded,,,,,2026-06-01,,Pending Review
Initial Baseline,3104978,MOBIUS LIFE LIMITED,0 relevant postings loaded,,,,,2026-06-01,,Pending Review
Initial Baseline,5058649,BUTTERWORTH SPENGLER COMMERCIAL LIMITED,0 relevant postings loaded,,,,,2026-06-01,,Pending Review
Initial Baseline,4908667,EGGAR FORRESTER INSURANCE LIMITED,0 relevant postings loaded,,,,,2026-06-01,,Pending Review
Initial Baseline,7121668,NOW HEALTH INTERNATIONAL (UK) LIMITED,0 relevant postings loaded,,,,,2026-06-01,,Pending Review
Initial Baseline,4124846,INS-SURE SERVICES LIMITED,0 relevant postings loaded,,,,,2026-06-01,,Pending Review
Initial Baseline,3897375,LPSO LIMITED,0 relevant postings loaded,,,,,2026-06-01,,Pending Review
Initial Baseline,SC761488,ARX RURAL RE LTD,0 relevant postings loaded,,,,,2026-06-01,,Pending Review
Initial Baseline,6404074,MELVILLE BURBAGE INSURANCE SERVICES LIMITED,0 relevant postings loaded,,,,,2026-06-01,,Pending Review
Initial Baseline,10965030,HIVE UNDERWRITERS LIMITED,2 relevant postings loaded,,,,,2026-06-01,,Pending Review
Initial Baseline,9897561,ALL SPORT INSURANCE SERVICES LIMITED,0 relevant postings loaded,,,,,2026-06-01,,Pending Review
Initial Baseline,3852840,K.M. DASTUR & CO LIMITED,0 relevant postings loaded,,,,,2026-06-01,,Pending Review
Initial Baseline,1501613,M.E.M. INSURANCE BROKERS LIMITED,0 relevant postings loaded,,,,,2026-06-01,,Pending Review
Initial Baseline,2448482,MARNIX EUROPE LIMITED,0 relevant postings loaded,,,,,2026-06-01,,Pending Review
Initial Baseline,8668700,J.M. GLENDINNING GROUP LIMITED,0 relevant postings loaded,,,,,2026-06-01,,Pending Review
Initial Baseline,4933749,MRIB LIMITED,0 relevant postings loaded,,,,,2026-06-01,,Pending Review
Initial Baseline,4236271,BUTCHER ROBINSON & STAPLES HOLDINGS LIMITED,0 relevant postings loaded,,,,,2026-06-01,,Pending Review
Initial Baseline,1195084,JENSTEN INSURANCE BROKERS (THAMES VALLEY) LTD,0 relevant postings loaded,,,,,2026-06-01,,Pending Review
Initial Baseline,NI009354,"PETER MCALEER, LIMITED",0 relevant postings loaded,,,,,2026-06-01,,Pending Review
Initial Baseline,4915221,WILLIAMS PITT LIMITED,0 relevant postings loaded,,,,,2026-06-01,,Pending Review
Initial Baseline,2197265,AFRO ASIAN INSURANCE SERVICES LIMITED,0 relevant postings loaded,,,,,2026-06-01,,Pending Review
Initial Baseline,715749,"BUTCHER, ROBINSON & STAPLES INTERNATIONAL LIMITED",0 relevant postings loaded,,,,,2026-06-01,,Pending Review
Initial Baseline,13949435,TBH HOLDINGS LTD,0 relevant postings loaded,,,,,2026-06-01,,Pending Review
Initial Baseline,4893563,SIMPSON AND PARSONS (INSURANCE CONSULTANTS) LIMITED,0 relevant postings loaded,,,,,2026-06-01,,Pending Review
Initial Baseline,13421262,SAMPHIRE SERVICES LIMITED,0 relevant postings loaded,,,,,2026-06-01,,Pending Review
Initial Baseline,8284692,JENSTEN INSURANCE BROKERS LIMITED,0 relevant postings loaded,,,,,2026-06-01,,Pending Review
Initial Baseline,2122641,DASHWOOD BREWER & PHIPPS LTD,0 relevant postings loaded,,,,,2026-06-01,,Pending Review
Initial Baseline,2231655,CRS CONSULTANTS LIMITED,0 relevant postings loaded,,,,,2026-06-01,,Pending Review
Initial Baseline,6846827,SHIRE INSURANCE SERVICES LIMITED,0 relevant postings loaded,,,,,2026-06-01,,Pending Review
Initial Baseline,1661686,BERRY PALMER & LYLE LIMITED,0 relevant postings loaded,,,,,2026-06-01,,Pending Review
Initial Baseline,6563514,NEW DAWN RISK GROUP LIMITED,0 relevant postings loaded,,,,,2026-06-01,,Pending Review
Initial Baseline,1708613,ASTRENSKA INSURANCE LIMITED,0 relevant postings loaded,,,,,2026-06-01,,Pending Review
Initial Baseline,2560460,EASTWOOD & PARTNERS LIMITED,0 relevant postings loaded,,,,,2026-06-01,,Pending Review
Initial Baseline,10691863,TOWER INSURANCE BROKERS LTD,0 relevant postings loaded,,,,,2026-06-01,,Pending Review
Initial Baseline,1362323,HARRY HALL INTERNATIONAL LIMITED,0 relevant postings loaded,,,,,2026-06-01,,Pending Review
Initial Baseline,758979,COLLINSON INSURANCE SERVICES LIMITED,3 relevant postings loaded,,,,,2026-06-01,,Pending Review
Initial Baseline,7254924,SEVERN BAY CORPORATE SOLUTIONS LTD,0 relevant postings loaded,,,,,2026-06-01,,Pending Review
Initial Baseline,12611667,NICHE COVER LIMITED,0 relevant postings loaded,,,,,2026-06-01,,Pending Review
Initial Baseline,11378542,TAYLORMADE RISK SERVICES LTD,0 relevant postings loaded,,,,,2026-06-01,,Pending Review
Initial Baseline,949181,TENOR INSURANCE BROKERS LIMITED,0 relevant postings loaded,,,,,2026-06-01,,Pending Review
Initial Baseline,304106,BACKHOUSE INSURANCE BROKERS LIMITED,0 relevant postings loaded,,,,,2026-06-01,,Pending Review
Initial Baseline,76678,MUNICIPAL MUTUAL INSURANCE LIMITED,0 relevant postings loaded,,,,,2026-06-01,,Pending Review
Initial Baseline,8142321,XACT RISK SOLUTIONS LTD,0 relevant postings loaded,,,,,2026-06-01,,Pending Review
Initial Baseline,1068390,ILLINGWORTH MCNAIR LIMITED,0 relevant postings loaded,,,,,2026-06-01,,Pending Review
Initial Baseline,5044963,COMPLEX TO CLEAR GROUP LIMITED,0 relevant postings loaded,,,,,2026-06-01,,Pending Review
Initial Baseline,3715361,EIKOS RISK CAPITAL LIMITED,0 relevant postings loaded,,,,,2026-06-01,,Pending Review
Initial Baseline,9069586,LONDON BELGRAVIA BROKERS LIMITED,0 relevant postings loaded,,,,,2026-06-01,,Pending Review
Initial Baseline,6392108,IMPERIUM INSURANCE MANAGEMENT LIMITED,0 relevant postings loaded,,,,,2026-06-01,,Pending Review
Initial Baseline,5604278,IPRISM UNDERWRITING AGENCY LIMITED,0 relevant postings loaded,,,,,2026-06-01,,Pending Review
Initial Baseline,5877295,OXFORD MUTUAL LIMITED,1 relevant postings loaded,,,,,2026-06-01,,Pending Review
Initial Baseline,1792228,ROBINS ROW LIMITED,0 relevant postings loaded,,,,,2026-06-01,,Pending Review
Initial Baseline,4007266,TOTAL RISK SOLUTIONS (LONDON) LIMITED,0 relevant postings loaded,,,,,2026-06-01,,Pending Review
Initial Baseline,3803791,ORWELL INSURANCE SERVICES LIMITED,0 relevant postings loaded,,,,,2026-06-01,,Pending Review
Initial Baseline,945137,BARTLETT GROUP LIMITED,0 relevant postings loaded,,,,,2026-06-01,,Pending Review
Initial Baseline,SC321257,MONEY ADVICE & PLANNING LTD,0 relevant postings loaded,,,,,2026-06-01,,Pending Review
Initial Baseline,13422679,FEC MUTUAL LIMITED,0 relevant postings loaded,,,,,2026-06-01,,Pending Review
Initial Baseline,243111,ECCLESIASTICAL LIFE LIMITED,0 relevant postings loaded,,,,,2026-06-01,,Pending Review
Initial Baseline,1006112,LEGAL AND GENERAL ASSURANCE (PENSIONS MANAGEMENT) LIMITED,0 relevant postings loaded,,,,,2026-06-01,,Pending Review
Initial Baseline,1411938,MARKETING & MANAGEMENT SERVICES LIMITED,0 relevant postings loaded,,,,,2026-06-01,,Pending Review
Initial Baseline,2261746,COUNTRYWIDE ASSURED PLC,0 relevant postings loaded,,,,,2026-06-01,,Pending Review
Initial Baseline,110410,GRESHAM INSURANCE COMPANY LIMITED,0 relevant postings loaded,,,,,2026-06-01,,Pending Review
Initial Baseline,6608316,BRITISH GAS INSURANCE LIMITED,0 relevant postings loaded,,,,,2026-06-01,,Pending Review
Initial Baseline,5766540,NOMINA DESIGNATED MEMBER NO.2 LIMITED,0 relevant postings loaded,,,,,2026-06-01,,Pending Review
Initial Baseline,6454907,NOMINA REPRESENTATIVES LIMITED,0 relevant postings loaded,,,,,2026-06-01,,Pending Review
Initial Baseline,3326800,ACCELERANT INSURANCE UK LIMITED,0 relevant postings loaded,,,,,2026-06-01,,Pending Review
Initial Baseline,3001989,DL INSURANCE SERVICES LIMITED,0 relevant postings loaded,,,,,2026-06-01,,Pending Review
Initial Baseline,3248674,AMBAC ASSURANCE UK LIMITED,0 relevant postings loaded,,,,,2026-06-01,,Pending Review
Initial Baseline,6708091,CAPITAL MARKETS UNDERWRITING LIMITED,1 relevant postings loaded,,,,,2026-06-01,,Pending Review
Initial Baseline,4567536,M & D H INSURANCE SERVICES LTD,0 relevant postings loaded,,,,,2026-06-01,,Pending Review
Initial Baseline,27204,THE OCEAN MARINE INSURANCE COMPANY LIMITED,0 relevant postings loaded,,,,,2026-06-01,,Pending Review
Initial Baseline,2551468,CENTREWRITE LIMITED,0 relevant postings loaded,,,,,2026-06-01,,Pending Review
